"COORD_REF_SYS_CODE","COORD_REF_SYS_NAME","GCS_COORD_REF_SYS_NAME","DATUM_CODE","DATUM_NAME","GREENWICH_DATUM","UOM_CODE","ELLIPSOID_CODE","PRIME_MERIDIAN_CODE","SHOW_CRS","DEPRECATED","COORD_SYS_CODE","COORD_OP_METHOD_CODE","DX","DY","DZ","RX","RY","RZ","DS"
4001,Unknown datum based upon the Airy 1830 ellipsoid,GCS_Unknown_datum_based_upon_the_Airy_1830_ellipsoid,6001,"Not specified (based on Airy 1830 ellipsoid)",6001,9122,7001,8901,0,0,6422,,,,,,,,
4002,Unknown datum based upon the Airy Modified 1849 ellipsoid,GCS_Unknown_datum_based_upon_the_Airy_Modified_1849_ellipsoid,6002,"Not specified (based on Airy Modified 1849 ellipsoid)",6002,9122,7002,8901,0,0,6422,,,,,,,,
4003,Unknown datum based upon the Australian National Spheroid,GCS_Unknown_datum_based_upon_the_Australian_National_Spheroid,6003,"Not specified (based on Australian National Spheroid)",6003,9122,7003,8901,0,0,6422,,,,,,,,
4004,Unknown datum based upon the Bessel 1841 ellipsoid,GCS_Unknown_datum_based_upon_the_Bessel_1841_ellipsoid,6004,"Not specified (based on Bessel 1841 ellipsoid)",6004,9122,7004,8901,0,0,6422,,,,,,,,
4005,Unknown datum based upon the Bessel Modified ellipsoid,GCS_Unknown_datum_based_upon_the_Bessel_Modified_ellipsoid,6005,"Not specified (based on Bessel Modified ellipsoid)",6005,9122,7005,8901,0,0,6422,,,,,,,,
4006,Unknown datum based upon the Bessel Namibia ellipsoid,GCS_Unknown_datum_based_upon_the_Bessel_Namibia_ellipsoid,6006,"Not specified (based on Bessel Namibia ellipsoid)",6006,9122,7046,8901,0,0,6422,,,,,,,,
4007,Unknown datum based upon the Clarke 1858 ellipsoid,GCS_Unknown_datum_based_upon_the_Clarke_1858_ellipsoid,6007,"Not specified (based on Clarke 1858 ellipsoid)",6007,9122,7007,8901,0,0,6422,,,,,,,,
4008,Unknown datum based upon the Clarke 1866 ellipsoid,GCS_Unknown_datum_based_upon_the_Clarke_1866_ellipsoid,6008,"Not specified (based on Clarke 1866 ellipsoid)",6008,9122,7008,8901,0,0,6422,,,,,,,,
4009,Unknown datum based upon the Clarke 1866 Michigan ellipsoid,GCS_Unknown_datum_based_upon_the_Clarke_1866_Michigan_ellipsoid,6009,"Not specified (based on Clarke 1866 Michigan ellipsoid)",6009,9122,7009,8901,0,0,6422,,,,,,,,
4010,"Unknown datum based upon the Clarke 1880 (Benoit) ellipsoid","GCS_Unknown_datum_based_upon_the_Clarke_1880_(Benoit)_ellipsoid",6010,"Not specified (based on Clarke 1880 (Benoit) ellipsoid)",6010,9122,7010,8901,0,0,6422,,,,,,,,
4011,"Unknown datum based upon the Clarke 1880 (IGN) ellipsoid","GCS_Unknown_datum_based_upon_the_Clarke_1880_(IGN)_ellipsoid",6011,"Not specified (based on Clarke 1880 (IGN) ellipsoid)",6011,9122,7011,8901,0,0,6422,,,,,,,,
4012,Unknown datum based upon the Clarke 1880 (RGS) ellipsoid,GCS_Unknown_datum_based_upon_the_Clarke_1880_(RGS)_ellipsoid,6012,"Not specified (based on Clarke 1880 (RGS) ellipsoid)",6012,9122,7012,8901,0,0,6422,,,,,,,,
4012,GCS_Clarke_1880_RGS,GCS_Unknown_datum_based_upon_the_Clarke_1880_(RGS)_ellipsoid,6012,"Not specified (based on Clarke 1880 (RGS) ellipsoid)",6012,9122,7012,8901,0,0,6422,,,,,,,,
4013,"Unknown datum based upon the Clarke 1880 (Arc) ellipsoid","GCS_Unknown_datum_based_upon_the_Clarke_1880_(Arc)_ellipsoid",6013,"Not specified (based on Clarke 1880 (Arc) ellipsoid)",6013,9122,7013,8901,0,0,6422,,,,,,,,
4014,"Unknown datum based upon the Clarke 1880 (SGA 1922) ellipsoid","GCS_Unknown_datum_based_upon_the_Clarke_1880_(SGA_1922)_ellipsoid",6014,"Not specified (based on Clarke 1880 (SGA 1922) ellipsoid)",6014,9122,7014,8901,0,0,6422,,,,,,,,
4015,"Unknown datum based upon the Everest 1830 (1937 Adjustment) ellipsoid","GCS_Unknown_datum_based_upon_the_Everest_1830_(1937_Adjustment)_ellipsoid",6015,"Not specified (based on Everest 1830 (1937 Adjustment) ellipsoid)",6015,9122,7015,8901,0,0,6422,,,,,,,,
4016,"Unknown datum based upon the Everest 1830 (1967 Definition) ellipsoid","GCS_Unknown_datum_based_upon_the_Everest_1830_(1967_Definition)_ellipsoid",6016,"Not specified (based on Everest 1830 (1967 Definition) ellipsoid)",6016,9122,7016,8901,0,0,6422,,,,,,,,
4018,Unknown datum based upon the Everest 1830 Modified ellipsoid,GCS_Unknown_datum_based_upon_the_Everest_1830_Modified_ellipsoid,6018,"Not specified (based on Everest 1830 Modified ellipsoid)",6018,9122,7018,8901,0,0,6422,,,,,,,,
4019,Unknown datum based upon the GRS 1980 ellipsoid,GCS_Unknown_datum_based_upon_the_GRS_1980_ellipsoid,6019,"Not specified (based on GRS 1980 ellipsoid)",6019,9122,7019,8901,0,0,6422,,,,,,,,
4020,Unknown datum based upon the Helmert 1906 ellipsoid,GCS_Unknown_datum_based_upon_the_Helmert_1906_ellipsoid,6020,"Not specified (based on Helmert 1906 ellipsoid)",6020,9122,7020,8901,0,0,6422,,,,,,,,
4021,Unknown datum based upon the Indonesian National Spheroid,GCS_Unknown_datum_based_upon_the_Indonesian_National_Spheroid,6021,"Not specified (based on Indonesian National Spheroid)",6021,9122,7021,8901,0,0,6422,,,,,,,,
4022,Unknown datum based upon the International 1924 ellipsoid,GCS_Unknown_datum_based_upon_the_International_1924_ellipsoid,6022,"Not specified (based on International 1924 ellipsoid)",6022,9122,7022,8901,0,0,6422,,,,,,,,
4024,Unknown datum based upon the Krassowsky 1940 ellipsoid,GCS_Unknown_datum_based_upon_the_Krasowsky_1940_ellipsoid,6024,"Not specified (based on Krasowsky 1940 ellipsoid)",6024,9122,7024,8901,0,0,6422,,,,,,,,
4024,GCS_Krassowsky_1940,D_Krassowsky_1940,6024,Krasovsky_1940,7024,9122,7022,8901,1,0,6422,,,,,,,,
4025,Unknown datum based upon the NWL 9D ellipsoid,GCS_Unknown_datum_based_upon_the_NWL_9D_ellipsoid,6025,"Not specified (based on NWL 9D ellipsoid)",6025,9122,7025,8901,0,0,6422,,,,,,,,
4027,Unknown datum based upon the Plessis 1817 ellipsoid,GCS_Unknown_datum_based_upon_the_Plessis_1817_ellipsoid,6027,"Not specified (based on Plessis 1817 ellipsoid)",6027,9122,7027,8901,0,0,6422,,,,,,,,
4028,Unknown datum based upon the Struve 1860 ellipsoid,GCS_Unknown_datum_based_upon_the_Struve_1860_ellipsoid,6028,"Not specified (based on Struve 1860 ellipsoid)",6028,9122,7028,8901,0,0,6422,,,,,,,,
4029,Unknown datum based upon the War Office ellipsoid,GCS_Unknown_datum_based_upon_the_War_Office_ellipsoid,6029,"Not specified (based on War Office ellipsoid)",6029,9122,7029,8901,0,0,6422,,,,,,,,
4030,Unknown datum based upon the WGS 84 ellipsoid,GCS_Unknown_datum_based_upon_the_WGS_1984_ellipsoid,6030,"Not specified (based on WGS 84 ellipsoid)",6030,9122,7030,8901,0,0,6422,,,,,,,,
4030,MapInfo Generic Lat/Long,World_Geodetic_System_of_1984_GEM_10C,6030,"Not specified (based on WGS 84 ellipsoid)",6030,9122,7030,8901,0,0,6422,,,,,,,,
4031,Unknown datum based upon the GEM 10C ellipsoid,GCS_Unknown_datum_based_upon_the_GEM_10C_ellipsoid,6031,"Not specified (based on GEM 10C ellipsoid)",6031,9122,7031,8901,0,0,6422,,,,,,,,
4032,Unknown datum based upon the OSU86F ellipsoid,GCS_Unknown_datum_based_upon_the_OSU86F_ellipsoid,6032,"Not specified (based on OSU86F ellipsoid)",6032,9122,7032,8901,0,0,6422,,,,,,,,
4033,Unknown datum based upon the OSU91A ellipsoid,GCS_Unknown_datum_based_upon_the_OSU91A_ellipsoid,6033,"Not specified (based on OSU91A ellipsoid)",6033,9122,7033,8901,0,0,6422,,,,,,,,
4034,Unknown datum based upon the Clarke 1880 ellipsoid,GCS_Unknown_datum_based_upon_the_Clarke_1880_ellipsoid,6034,"Not specified (based on Clarke 1880 ellipsoid)",6034,9122,7034,8901,0,0,6422,,,,,,,,
4035,Unknown datum based upon the Authalic Sphere,GCS_Unknown_datum_based_upon_the_Authalic_Sphere,6035,"Not specified (based on Authalic Sphere)",6035,9108,7035,8901,0,1,6402,,,,,,,,
4036,Unknown datum based upon the GRS 1967 ellipsoid,GCS_Unknown_datum_based_upon_the_GRS_1967_ellipsoid,6036,"Not specified (based on GRS 1967 ellipsoid)",6036,9122,7036,8901,0,0,6422,,,,,,,,
4041,Unknown datum based upon the Average Terrestrial System 1977 ellipsoid,GCS_Unknown_datum_based_upon_the_Average_Terrestrial_System_1977_ellipsoid,6041,"Not specified (based on Average Terrestrial System 1977 ellipsoid)",6041,9122,7041,8901,0,0,6422,,,,,,,,
4042,"Unknown datum based upon the Everest (1830 Definition) ellipsoid","GCS_Unknown_datum_based_upon_the_Everest_(1830_Definition)_ellipsoid",6042,"Not specified (based on Everest (1830 Definition) ellipsoid)",6042,9122,7042,8901,0,0,6422,,,,,,,,
4043,Unknown datum based upon the WGS 72 ellipsoid,GCS_Unknown_datum_based_upon_the_WGS_72_ellipsoid,6043,"Not specified (based on WGS 72 ellipsoid)",6043,9122,7043,8901,0,0,6422,,,,,,,,
4044,"Unknown datum based upon the Everest 1830 (1962 Definition) ellipsoid","GCS_Unknown_datum_based_upon_the_Everest_1830_(1962_Definition)_ellipsoid",6044,"Not specified (based on Everest 1830 (1962 Definition) ellipsoid)",6044,9122,7044,8901,0,0,6422,,,,,,,,
4045,"Unknown datum based upon the Everest 1830 (1975 Definition) ellipsoid","GCS_Unknown_datum_based_upon_the_Everest_1830_(1975_Definition)_ellipsoid",6045,"Not specified (based on Everest 1830 (1975 Definition) ellipsoid)",6045,9122,7045,8901,0,0,6422,,,,,,,,
4047,Unspecified datum based upon the GRS 1980 Authalic Sphere,GCS_Unspecified_datum_based_upon_the_GRS_1980_Authalic_Sphere,6047,"Not specified (based on GRS 1980 Authalic Sphere)",6047,9122,7048,8901,0,0,6422,,,,,,,,
4052,Unspecified datum based upon the Clarke 1866 Authalic Sphere,GCS_Unspecified_datum_based_upon_the_Clarke_1866_Authalic_Sphere,6052,"Not specified (based on Clarke 1866 Authalic Sphere)",6052,9122,7052,8901,0,0,6422,,,,,,,,
4053,Unspecified datum based upon the International 1924 Authalic Sphere,GCS_Unspecified_datum_based_upon_the_International_1924_Authalic_Sphere,6053,"Not specified (based on International 1924 Authalic Sphere)",6053,9122,7057,8901,0,0,6422,,,,,,,,
4054,Unspecified datum based upon the Hughes 1980 ellipsoid,GCS_Unspecified_datum_based_upon_the_Hughes_1980_ellipsoid,6054,"Not specified (based on Hughes 1980 ellipsoid)",6054,9122,7058,8901,0,0,6422,,,,,,,,
4055,Popular Visualisation CRS,GCS_Popular_Visualisation_CRS,6055,Popular Visualisation Datum,6055,9122,7059,8901,1,0,6422,9603,0,0,0,,,,
4120,Greek,GCS_Greek,6120,Greek,6120,9122,7004,8901,1,0,6422,,,,,,,,
4121,GGRS87,GCS_GGRS87,6121,Greek Geodetic Reference System 1987,6121,9122,7019,8901,1,0,6422,9603,-199.87,74.79,246.62,,,,
4122,ATS77,GCS_ATS77,6122,Average Terrestrial System 1977,6122,9122,7041,8901,1,0,6422,,,,,,,,
4123,KKJ,GCS_KKJ,6123,"Kartastokoordinaattijarjestelma (1966)",6123,9122,7022,8901,1,0,6422,,,,,,,,
4124,RT90,GCS_RT90,6124,Rikets koordinatsystem 1990,6124,9122,7004,8901,1,0,6422,,,,,,,,
4125,Samboja,GCS_Samboja,6125,Samboja,6125,9108,7004,8901,1,1,6402,9603,-404.78,685.68,45.47,,,,
4126,"LKS94 (ETRS89)","GCS_LKS94_(ETRS89)",6126,"Lithuania 1994 (ETRS89)",6126,9108,7019,8901,1,1,6402,,,,,,,,
4127,Tete,GCS_Tete,6127,Tete,6127,9122,7008,8901,1,0,6422,,,,,,,,
4128,Madzansua,GCS_Madzansua,6128,Madzansua,6128,9122,7008,8901,1,0,6422,,,,,,,,
4129,Observatario,GCS_Observatario,6129,Observatario,6129,9122,7008,8901,1,0,6422,,,,,,,,
4130,Moznet,GCS_Moznet,6130,"Moznet (ITRF94)",6130,9122,7030,8901,1,0,6422,9607,0,0,0,0,0,0,0
4131,Indian 1960,GCS_Indian_1960,6131,Indian 1960,6131,9122,7015,8901,1,0,6422,,,,,,,,
4132,FD58,GCS_FD58,6132,Final Datum 1958,6132,9122,7012,8901,1,0,6422,,,,,,,,
4133,EST92,GCS_EST92,6133,Estonia 1992,6133,9122,7019,8901,1,0,6422,9607,0.055,-0.541,-0.185,-0.0183,0.0003,0.007,-0.014
4134,PDO Survey Datum 1993,GCS_PDO_Survey_Datum_1993,6134,PDO Survey Datum 1993,6134,9122,7012,8901,1,0,6422,,,,,,,,
4135,Old Hawaiian,GCS_Old_Hawaiian,6135,Old Hawaiian,6135,9122,7008,8901,1,0,6422,,,,,,,,
4136,St. Lawrence Island,GCS_St._Lawrence_Island,6136,St. Lawrence Island,6136,9122,7008,8901,1,0,6422,,,,,,,,
4137,St. Paul Island,GCS_St._Paul_Island,6137,St. Paul Island,6137,9122,7008,8901,1,0,6422,,,,,,,,
4138,St. George Island,GCS_St._George_Island,6138,St. George Island,6138,9122,7008,8901,1,0,6422,,,,,,,,
4139,Puerto Rico,GCS_Puerto_Rico,6139,Puerto Rico,6139,9122,7008,8901,1,0,6422,9603,11,72,-101,,,,
4140,"NAD83(CSRS98)","GCS_NAD83(CSRS98)",6140,NAD83 Canadian Spatial Reference System,6140,9108,7019,8901,1,1,6402,9603,0,0,0,,,,
4141,Israel,GCS_Israel,6141,Israel,6141,9122,7019,8901,1,0,6422,9603,-48,55,52,,,,
4142,Locodjo 1965,GCS_Locodjo_1965,6142,Locodjo 1965,6142,9122,7012,8901,1,0,6422,9603,-125,53,467,,,,
4143,Abidjan 1987,GCS_Abidjan_1987,6143,Abidjan 1987,6143,9122,7012,8901,1,0,6422,9603,-124.76,53,466.79,,,,
4144,Kalianpur 1937,GCS_Kalianpur_1937,6144,Kalianpur 1937,6144,9122,7015,8901,1,0,6422,,,,,,,,
4145,Kalianpur 1962,GCS_Kalianpur_1962,6145,Kalianpur 1962,6145,9122,7044,8901,1,0,6422,,,,,,,,
4146,Kalianpur 1975,GCS_Kalianpur_1975,6146,Kalianpur 1975,6146,9122,7045,8901,1,0,6422,9603,295,736,257,,,,
4147,Hanoi 1972,GCS_Hanoi_1972,6147,Hanoi 1972,6147,9122,7024,8901,1,0,6422,9603,-17.51,-108.32,-62.39,,,,
4148,Hartebeesthoek94,GCS_Hartebeesthoek94,6148,Hartebeesthoek94,6148,9122,7030,8901,1,0,6422,9603,0,0,0,,,,
4149,CH1903,GCS_CH1903,6149,CH1903,6149,9122,7004,8901,1,0,6422,,,,,,,,
4150,"CH1903+","GCS_CH1903+",6150,"CH1903+",6150,9122,7004,8901,1,0,6422,9603,674.374,15.056,405.346,,,,
4151,CHTRF95,GCS_CHTRF95,6151,Swiss Terrestrial Reference Frame 1995,6151,9122,7019,8901,1,0,6422,9603,0,0,0,,,,
4152,"NAD83(HARN)","GCS_NAD83(HARN)",6152,"NAD83 (High Accuracy Regional Network)",6152,9122,7019,8901,1,0,6422,,,,,,,,
4153,Rassadiran,GCS_Rassadiran,6153,Rassadiran,6153,9122,7022,8901,1,0,6422,9603,-133.63,-157.5,-158.62,,,,
4154,"ED50(ED77)","GCS_ED50(ED77)",6154,"European Datum 1950(1977)",6154,9122,7022,8901,1,0,6422,,,,,,,,
4155,Dabola 1981,GCS_Dabola_1981,6155,Dabola 1981,6155,9122,7011,8901,1,0,6422,9603,-83,37,124,,,,
4156,S-JTSK,GCS_S-JTSK,6156,Jednotne Trigonometricke Site Katastralni,6156,9122,7004,8901,1,0,6422,,,,,,,,
4157,Mount Dillon,GCS_Mount_Dillon,6157,Mount Dillon,6157,9122,7007,8901,1,0,6422,,,,,,,,
4158,Naparima 1955,GCS_Naparima_1955,6158,Naparima 1955,6158,9122,7022,8901,1,0,6422,,,,,,,,
4159,ELD79,GCS_ELD79,6159,European Libyan Datum 1979,6159,9122,7022,8901,1,0,6422,,,,,,,,
4160,Chos Malal 1914,GCS_Chos_Malal_1914,6160,Chos Malal 1914,6160,9122,7022,8901,1,0,6422,,,,,,,,
4161,Pampa del Castillo,GCS_Pampa_del_Castillo,6161,Pampa del Castillo,6161,9122,7022,8901,1,0,6422,9603,27.5,14,186.4,,,,
4162,Korean 1985,GCS_Korean_1985,6162,Korean Datum 1985,6162,9122,7004,8901,1,0,6422,,,,,,,,
4163,Yemen NGN96,GCS_Yemen_NGN96,6163,Yemen National Geodetic Network 1996,6163,9122,7030,8901,1,0,6422,9603,0,0,0,,,,
4164,South Yemen,GCS_South_Yemen,6164,South Yemen,6164,9122,7024,8901,1,0,6422,9603,-76,-138,67,,,,
4165,Bissau,GCS_Bissau,6165,Bissau,6165,9122,7022,8901,1,0,6422,9603,-173,253,27,,,,
4166,Korean 1995,GCS_Korean_1995,6166,Korean Datum 1995,6166,9122,7030,8901,1,0,6422,9603,0,0,0,,,,
4167,NZGD2000,GCS_NZGD2000,6167,New Zealand Geodetic Datum 2000,6167,9122,7019,8901,1,0,6422,9603,0,0,0,,,,
4168,Accra,GCS_Accra,6168,Accra,6168,9122,7029,8901,1,0,6422,9603,-199,32,322,,,,
4169,American Samoa 1962,GCS_American_Samoa_1962,6169,American Samoa 1962,6169,9122,7008,8901,1,0,6422,9603,-115,118,426,,,,
4170,SIRGAS,GCS_SIRGAS,6170,Sistema de Referencia Geocentrico para America del Sur 1995,6170,9122,7019,8901,1,0,6422,9603,0,0,0,,,,
4171,RGF93,GCS_RGF93,6171,Reseau Geodesique Francais 1993,6171,9122,7019,8901,1,0,6422,9603,0,0,0,,,,
4172,POSGAR,GCS_POSGAR,6172,Posiciones Geodesicas Argentinas,6172,9108,7019,8901,1,1,6402,9603,0,0,0,,,,
4173,IRENET95,GCS_IRENET95,6173,IRENET95,6173,9122,7019,8901,1,0,6422,9603,0,0,0,,,,
4174,Sierra Leone 1924,GCS_Sierra_Leone_1924,6174,Sierra Leone Colony 1924,6174,9122,7029,8901,1,0,6422,,,,,,,,
4175,Sierra Leone 1968,GCS_Sierra_Leone_1968,6175,Sierra Leone 1968,6175,9122,7012,8901,1,0,6422,9603,-88,4,101,,,,
4176,Australian Antarctic,GCS_Australian_Antarctic,6176,Australian Antarctic Datum 1998,6176,9122,7019,8901,1,0,6422,9603,0,0,0,,,,
4178,"Pulkovo 1942(83)","GCS_Pulkovo_1942(83)",6178,"Pulkovo 1942/83",6178,9122,7024,8901,1,0,6422,9607,24,-123,-94,-0.02,0.25,0.13,1.1
4179,"Pulkovo 1942(58)","GCS_Pulkovo_1942(58)",6179,"Pulkovo 1942/58",6179,9122,7024,8901,1,0,6422,9606,33.4,-146.6,-76.3,-0.359,-0.053,0.844,-0.84
4180,EST97,GCS_EST97,6180,Estonia 1997,6180,9122,7019,8901,1,0,6422,9603,0,0,0,,,,
4181,Luxembourg 1930,GCS_Luxembourg_1930,6181,Luxembourg 1930,6181,9122,7022,8901,1,0,6422,9606,-193,13.7,-39.3,-0.41,-2.933,2.688,0.43
4182,Azores Occidental 1939,GCS_Azores_Occidental_1939,6182,Azores Occidental Islands 1939,6182,9122,7022,8901,1,0,6422,,,,,,,,
4183,Azores Central 1948,GCS_Azores_Central_1948,6183,Azores Central Islands 1948,6183,9122,7022,8901,1,0,6422,9603,-104,167,-38,,,,
4184,Azores Oriental 1940,GCS_Azores_Oriental_1940,6184,Azores Oriental Islands 1940,6184,9122,7022,8901,1,0,6422,9603,-203,141,53,,,,
4185,Madeira 1936,GCS_Madeira_1936,6185,Madeira 1936,6185,9108,7022,8901,1,1,6402,,,,,,,,
4188,OSNI 1952,GCS_OSNI_1952,6188,OSNI 1952,6188,9122,7001,8901,1,0,6422,9606,482.5,-130.6,564.6,-1.042,-0.214,-0.631,8.15
4189,REGVEN,GCS_REGVEN,6189,Red Geodesica Venezolana,6189,9122,7019,8901,1,0,6422,9603,0,0,0,,,,
4190,POSGAR 98,GCS_POSGAR_98,6190,Posiciones Geodesicas Argentinas 1998,6190,9122,7019,8901,1,0,6422,,,,,,,,
4191,Albanian 1987,GCS_Albanian_1987,6191,Albanian 1987,6191,9122,7024,8901,1,0,6422,,,,,,,,
4192,Douala 1948,GCS_Douala_1948,6192,Douala 1948,6192,9122,7022,8901,1,0,6422,9603,-206.1,-174.7,-87.7,,,,
4193,Manoca 1962,GCS_Manoca_1962,6193,Manoca 1962,6193,9122,7011,8901,1,0,6422,9603,-70.9,-151.8,-41.4,,,,
4194,Qornoq 1927,GCS_Qornoq_1927,6194,Qornoq 1927,6194,9122,7022,8901,1,0,6422,,,,,,,,
4195,Scoresbysund 1952,GCS_Scoresbysund_1952,6195,Scoresbysund 1952,6195,9122,7022,8901,1,0,6422,9606,105,326,-102.5,0,0,0.814,-0.6
4196,Ammassalik 1958,GCS_Ammassalik_1958,6196,Ammassalik 1958,6196,9122,7022,8901,1,0,6422,9606,-45,417,-3.5,0,0,0.814,-0.6
4197,Garoua,GCS_Garoua,6197,Garoua,6197,9122,7012,8901,1,0,6422,,,,,,,,
4198,Kousseri,GCS_Kousseri,6198,Kousseri,6198,9122,7012,8901,1,0,6422,,,,,,,,
4199,Egypt 1930,GCS_Egypt_1930,6199,Egypt 1930,6199,9122,7022,8901,1,0,6422,,,,,,,,
4200,Pulkovo 1995,GCS_Pulkovo_1995,6200,Pulkovo 1995,6200,9122,7024,8901,1,0,6422,,,,,,,,
4201,Adindan,GCS_Adindan,6201,Adindan,6201,9122,7012,8901,1,0,6422,,,,,,,,
4202,AGD66,GCS_AGD66,6202,Australian Geodetic Datum 1966,6202,9122,7003,8901,1,0,6422,,,,,,,,
4203,AGD84,GCS_AGD84,6203,Australian Geodetic Datum 1984,6203,9122,7003,8901,1,0,6422,,,,,,,,
4204,Ain el Abd,GCS_Ain_el_Abd,6204,Ain el Abd 1970,6204,9122,7022,8901,1,0,6422,,,,,,,,
4205,Afgooye,GCS_Afgooye,6205,Afgooye,6205,9122,7024,8901,1,0,6422,9603,-43,-163,45,,,,
4206,Agadez,GCS_Agadez,6206,Agadez,6206,9122,7011,8901,1,0,6422,,,,,,,,
4207,Lisbon,GCS_Lisbon,6207,Lisbon 1937,6207,9122,7022,8901,1,0,6422,,,,,,,,
4208,Aratu,GCS_Aratu,6208,Aratu,6208,9122,7022,8901,1,0,6422,,,,,,,,
4209,Arc 1950,GCS_Arc_1950,6209,Arc 1950,6209,9122,7013,8901,1,0,6422,,,,,,,,
4210,Arc 1960,GCS_Arc_1960,6210,Arc 1960,6210,9122,7012,8901,1,0,6422,,,,,,,,
4211,Batavia,GCS_Batavia,6211,Batavia,6211,9122,7004,8901,1,0,6422,,,,,,,,
4212,Barbados 1938,GCS_Barbados_1938,6212,Barbados 1938,6212,9122,7012,8901,1,0,6422,9603,31.95,300.99,419.19,,,,
4213,Beduaram,GCS_Beduaram,6213,Beduaram,6213,9122,7011,8901,1,0,6422,9603,-106,-87,188,,,,
4214,Beijing 1954,GCS_Beijing_1954,6214,Beijing 1954,6214,9122,7024,8901,1,0,6422,,,,,,,,
4215,Belge 1950,GCS_Belge_1950,6215,Reseau National Belge 1950,6215,9122,7022,8901,1,0,6422,,,,,,,,
4216,Bermuda 1957,GCS_Bermuda_1957,6216,Bermuda 1957,6216,9122,7008,8901,1,0,6422,,,,,,,,
4218,Bogota 1975,GCS_Bogota_1975,6218,Bogota 1975,6218,9122,7022,8901,1,0,6422,,,,,,,,
4219,Bukit Rimpah,GCS_Bukit_Rimpah,6219,Bukit Rimpah,6219,9122,7004,8901,1,0,6422,9603,-384,664,-48,,,,
4220,Camacupa,GCS_Camacupa,6220,Camacupa,6220,9122,7012,8901,1,0,6422,,,,,,,,
4221,Campo Inchauspe,GCS_Campo_Inchauspe,6221,Campo Inchauspe,6221,9122,7022,8901,1,0,6422,,,,,,,,
4222,Cape,GCS_Cape,6222,Cape,6222,9122,7013,8901,1,0,6422,,,,,,,,
4223,Carthage,GCS_Carthage,6223,Carthage,6223,9122,7011,8901,1,0,6422,,,,,,,,
4224,Chua,GCS_Chua,6224,Chua,6224,9122,7022,8901,1,0,6422,9603,-134,229,-29,,,,
4225,Corrego Alegre,GCS_Corrego_Alegre,6225,Corrego Alegre,6225,9122,7022,8901,1,0,6422,9603,-206,172,-6,,,,
4226,"Cote d'Ivoire","GCS_Cote_d'Ivoire",6226,"Cote d'Ivoire",6226,9108,7011,8901,1,1,6402,,,,,,,,
4227,Deir ez Zor,GCS_Deir_ez_Zor,6227,Deir ez Zor,6227,9122,7011,8901,1,0,6422,,,,,,,,
4228,Douala,GCS_Douala,6228,Douala,6228,9108,7011,8901,1,1,6402,,,,,,,,
4229,Egypt 1907,GCS_Egypt_1907,6229,Egypt 1907,6229,9122,7020,8901,1,0,6422,,,,,,,,
4230,ED50,GCS_ED50,6230,European Datum 1950,6230,9122,7022,8901,1,0,6422,,,,,,,,
4231,ED87,GCS_ED87,6231,European Datum 1987,6231,9122,7022,8901,1,0,6422,,,,,,,,
4232,Fahud,GCS_Fahud,6232,Fahud,6232,9122,7012,8901,1,0,6422,,,,,,,,
4233,Gandajika 1970,GCS_Gandajika_1970,6233,Gandajika 1970,6233,9122,7022,8901,1,1,6422,9603,-133,-321,50,,,,
4234,Garoua,GCS_Garoua,6234,Garoua,6234,9108,7011,8901,1,1,6402,,,,,,,,
4235,Guyane Francaise,GCS_Guyane_Francaise,6235,Guyane Francaise,6235,9108,7022,8901,1,1,6402,,,,,,,,
4236,Hu Tzu Shan,GCS_Hu_Tzu_Shan,6236,Hu Tzu Shan,6236,9122,7022,8901,1,0,6422,9603,-637,-549,-203,,,,
4237,HD72,GCS_HD72,6237,Hungarian Datum 1972,6237,9122,7036,8901,1,0,6422,,,,,,,,
4238,ID74,GCS_ID74,6238,Indonesian Datum 1974,6238,9122,7021,8901,1,0,6422,,,,,,,,
4239,Indian 1954,GCS_Indian_1954,6239,Indian 1954,6239,9122,7015,8901,1,0,6422,9603,217,823,299,,,,
4240,Indian 1975,GCS_Indian_1975,6240,Indian 1975,6240,9122,7015,8901,1,0,6422,,,,,,,,
4241,Jamaica 1875,GCS_Jamaica_1875,6241,Jamaica 1875,6241,9122,7034,8901,1,0,6422,,,,,,,,
4242,JAD69,GCS_JAD69,6242,Jamaica 1969,6242,9122,7008,8901,1,0,6422,,,,,,,,
4243,Kalianpur 1880,GCS_Kalianpur_1880,6243,Kalianpur 1880,6243,9122,7042,8901,1,0,6422,,,,,,,,
4244,Kandawala,GCS_Kandawala,6244,Kandawala,6244,9122,7015,8901,1,0,6422,9603,-97,787,86,,,,
4245,Kertau 1968,GCS_Kertau_1968,6245,Kertau 1968,6245,9122,7018,8901,1,0,6422,9603,-11,851,5,,,,
4246,KOC,GCS_KOC,6246,Kuwait Oil Company,6246,9122,7012,8901,1,0,6422,9603,-294.7,-200.1,525.5,,,,
4247,La Canoa,GCS_La_Canoa,6247,La Canoa,6247,9122,7022,8901,1,0,6422,9603,-273.5,110.6,-357.9,,,,
4248,PSAD56,GCS_PSAD56,6248,Provisional South American Datum 1956,6248,9122,7022,8901,1,0,6422,,,,,,,,
4249,Lake,GCS_Lake,6249,Lake,6249,9122,7022,8901,1,0,6422,,,,,,,,
4250,Leigon,GCS_Leigon,6250,Leigon,6250,9122,7012,8901,1,0,6422,9603,-130,29,364,,,,
4251,Liberia 1964,GCS_Liberia_1964,6251,Liberia 1964,6251,9122,7012,8901,1,0,6422,9603,-90,40,88,,,,
4252,Lome,GCS_Lome,6252,Lome,6252,9122,7011,8901,1,0,6422,,,,,,,,
4253,Luzon 1911,GCS_Luzon_1911,6253,Luzon 1911,6253,9122,7008,8901,1,0,6422,,,,,,,,
4254,Hito XVIII 1963,GCS_Hito_XVIII_1963,6254,Hito XVIII 1963,6254,9122,7022,8901,1,0,6422,,,,,,,,
4255,Herat North,GCS_Herat_North,6255,Herat North,6255,9122,7022,8901,1,0,6422,9603,-333,-222,114,,,,
4256,Mahe 1971,GCS_Mahe_1971,6256,Mahe 1971,6256,9122,7012,8901,1,0,6422,9603,41,-220,-134,,,,
4257,Makassar,GCS_Makassar,6257,Makassar,6257,9122,7004,8901,1,0,6422,9603,-587.8,519.75,145.76,,,,
4258,ETRS89,GCS_ETRS89,6258,European Terrestrial Reference System 1989,6258,9122,7019,8901,1,0,6422,,,,,,,,
4259,Malongo 1987,GCS_Malongo_1987,6259,Malongo 1987,6259,9122,7022,8901,1,0,6422,,,,,,,,
4260,Manoca,GCS_Manoca,6260,Manoca,6260,9108,7012,8901,1,1,6402,9603,-70.9,-151.8,-41.4,,,,
4261,Merchich,GCS_Merchich,6261,Merchich,6261,9122,7011,8901,1,0,6422,9603,31,146,47,,,,
4262,Massawa,GCS_Massawa,6262,Massawa,6262,9122,7004,8901,1,0,6422,9603,639,405,60,,,,
4263,Minna,GCS_Minna,6263,Minna,6263,9122,7012,8901,1,0,6422,,,,,,,,
4264,Mhast,GCS_Mhast,6264,Mhast,6264,9122,7022,8901,1,1,6422,9603,-252.95,-4.11,-96.38,,,,
4265,Monte Mario,GCS_Monte_Mario,6265,Monte Mario,6265,9122,7022,8901,1,0,6422,,,,,,,,
4266,"M'poraloko","GCS_M'poraloko",6266,"M'poraloko",6266,9122,7011,8901,1,0,6422,,,,,,,,
4267,NAD27,GCS_NAD27,6267,North American Datum 1927,6267,9122,7008,8901,1,0,6422,,,,,,,,
4268,NAD27 Michigan,GCS_NAD27_Michigan,6268,NAD Michigan,6268,9122,7009,8901,1,0,6422,,,,,,,,
4269,NAD83,GCS_NAD83,6269,North American Datum 1983,6269,9122,7019,8901,1,0,6422,,,,,,,,
4270,Nahrwan 1967,GCS_Nahrwan_1967,6270,Nahrwan 1967,6270,9122,7012,8901,1,0,6422,,,,,,,,
4271,Naparima 1972,GCS_Naparima_1972,6271,Naparima 1972,6271,9122,7022,8901,1,0,6422,,,,,,,,
4272,NZGD49,GCS_NZGD49,6272,New Zealand Geodetic Datum 1949,6272,9122,7022,8901,1,0,6422,,,,,,,,
4273,NGO 1948,GCS_NGO_1948,6273,NGO 1948,6273,9122,7005,8901,1,0,6422,9606,278.3,93,474.5,7.889,0.05,-6.61,6.21
4274,Datum 73,GCS_Datum_73,6274,Datum 73,6274,9122,7022,8901,1,0,6422,,,,,,,,
4275,NTF,GCS_NTF,6275,Nouvelle Triangulation Francaise,6275,9122,7011,8901,1,0,6422,9603,-168,-60,320,,,,
4276,NSWC 9Z-2,GCS_NSWC_9Z-2,6276,NSWC 9Z-2,6276,9122,7025,8901,1,0,6422,,,,,,,,
4277,OSGB 1936,GCS_OSGB_1936,6277,OSGB 1936,6277,9122,7001,8901,1,0,6422,,,,,,,,
4278,OSGB70,GCS_OSGB70,6278,"OSGB 1970 (SN)",6278,9122,7001,8901,1,0,6422,,,,,,,,
4279,"OS(SN)80","GCS_OS(SN)80",6279,"OS (SN) 1980",6279,9122,7001,8901,1,0,6422,,,,,,,,
4280,Padang,GCS_Padang,6280,Padang 1884,6280,9122,7004,8901,1,0,6422,,,,,,,,
4281,Palestine 1923,GCS_Palestine_1923,6281,Palestine 1923,6281,9122,7010,8901,1,0,6422,9606,-275.7224,94.7824,340.8944,-8.001,-4.42,-11.821,1
4282,Pointe Noire,GCS_Pointe_Noire,6282,Congo 1960 Pointe Noire,6282,9122,7011,8901,1,0,6422,,,,,,,,
4283,GDA94,GCS_GDA94,6283,Geocentric Datum of Australia 1994,6283,9122,7019,8901,1,0,6422,9603,0,0,0,,,,
4284,Pulkovo 1942,GCS_Pulkovo_1942,6284,Pulkovo 1942,6284,9122,7024,8901,1,0,6422,,,,,,,,
4285,Qatar 1974,GCS_Qatar_1974,6285,Qatar 1974,6285,9122,7022,8901,1,0,6422,,,,,,,,
4286,Qatar 1948,GCS_Qatar_1948,6286,Qatar 1948,6286,9122,7020,8901,1,0,6422,,,,,,,,
4287,Qornoq,GCS_Qornoq,6287,Qornoq,6287,9108,7022,8901,1,1,6402,9603,164,138,-189,,,,
4288,Loma Quintana,GCS_Loma_Quintana,6288,Loma Quintana,6288,9122,7022,8901,1,0,6422,,,,,,,,
4289,Amersfoort,GCS_Amersfoort,6289,Amersfoort,6289,9122,7004,8901,1,0,6422,,,,,,,,
4291,SAD69,GCS_SAD69,6291,South American Datum 1969,6291,9108,7036,8901,1,1,6402,,,,,,,,
4292,Sapper Hill 1943,GCS_Sapper_Hill_1943,6292,Sapper Hill 1943,6292,9122,7022,8901,1,0,6422,9603,-355,21,72,,,,
4293,Schwarzeck,GCS_Schwarzeck,6293,Schwarzeck,6293,9122,7046,8901,1,0,6422,,,,,,,,
4294,Segora,GCS_Segora,6294,Segora,6294,9108,7004,8901,1,1,6402,,,,,,,,
4295,Serindung,GCS_Serindung,6295,Serindung,6295,9122,7004,8901,1,0,6422,,,,,,,,
4296,Sudan,GCS_Sudan,6296,Sudan,6296,9108,7011,8901,1,1,6402,,,,,,,,
4297,Tananarive,GCS_Tananarive,6297,Tananarive 1925,6297,9122,7022,8901,1,0,6422,9603,-189,-242,-91,,,,
4298,Timbalai 1948,GCS_Timbalai_1948,6298,Timbalai 1948,6298,9122,7016,8901,1,0,6422,,,,,,,,
4299,TM65,GCS_TM65,6299,TM65,6299,9122,7002,8901,1,0,6422,,,,,,,,
4300,TM75,GCS_TM75,6300,Geodetic Datum of 1965,6300,9122,7002,8901,1,0,6422,,,,,,,,
4301,Tokyo,GCS_Tokyo,6301,Tokyo,6301,9122,7004,8901,1,0,6422,,,,,,,,
4302,Trinidad 1903,GCS_Trinidad_1903,6302,Trinidad 1903,6302,9122,7007,8901,1,0,6422,,,,,,,,
4303,"TC(1948)","GCS_TC(1948)",6303,Trucial Coast 1948,6303,9122,7020,8901,1,0,6422,,,,,,,,
4304,Voirol 1875,GCS_Voirol_1875,6304,Voirol 1875,6304,9122,7011,8901,1,0,6422,9603,-73,-247,227,,,,
4306,Bern 1938,GCS_Bern_1938,6306,Bern 1938,6306,9122,7004,8901,1,0,6422,,,,,,,,
4307,Nord Sahara 1959,GCS_Nord_Sahara_1959,6307,Nord Sahara 1959,6307,9122,7012,8901,1,0,6422,,,,,,,,
4308,RT38,GCS_RT38,6308,Stockholm 1938,6308,9122,7004,8901,1,0,6422,,,,,,,,
4309,Yacare,GCS_Yacare,6309,Yacare,6309,9122,7022,8901,1,0,6422,9603,-155,171,37,,,,
4310,Yoff,GCS_Yoff,6310,Yoff,6310,9122,7011,8901,1,0,6422,,,,,,,,
4311,Zanderij,GCS_Zanderij,6311,Zanderij,6311,9122,7022,8901,1,0,6422,9603,-265,120,-358,,,,
4312,MGI,GCS_MGI,6312,Militar-Geographische Institut,6312,9122,7004,8901,1,0,6422,,,,,,,,
4313,Belge 1972,GCS_Belge_1972,6313,Reseau National Belge 1972,6313,9122,7022,8901,1,0,6422,,,,,,,,
4314,DHDN,GCS_DHDN,6314,Deutsches Hauptdreiecksnetz,6314,9122,7004,8901,1,0,6422,,,,,,,,
4315,Conakry 1905,GCS_Conakry_1905,6315,Conakry 1905,6315,9122,7011,8901,1,0,6422,9603,-23,259,-9,,,,
4316,Dealul Piscului 1933,GCS_Dealul_Piscului_1933,6316,Dealul Piscului 1933,6316,9122,7022,8901,1,0,6422,,,,,,,,
4317,Dealul Piscului 1970,GCS_Dealul_Piscului_1970,6317,Dealul Piscului 1970,6317,9122,7024,8901,1,0,6422,,,,,,,,
4318,NGN,GCS_NGN,6318,National Geodetic Network,6318,9122,7030,8901,1,0,6422,9603,-3.2,-5.7,2.8,,,,
4319,KUDAMS,GCS_KUDAMS,6319,Kuwait Utility,6319,9122,7019,8901,1,0,6422,,,,,,,,
4322,WGS 72,GCS_WGS_72,6322,World Geodetic System 1972,6322,9122,7043,8901,1,0,6422,,,,,,,,
4324,WGS 72BE,GCS_WGS_72BE,6324,WGS 72 Transit Broadcast Ephemeris,6324,9122,7043,8901,1,0,6422,9606,0,0,1.9,0,0,0.814,-0.38
4326,WGS 84,GCS_WGS_1984,6326,World Geodetic System 1984,6326,9122,7030,8901,1,0,6422,,,,,,,,
4326,WGS84,GCS_WGS_1984,6326,World Geodetic System 1984,6326,9122,7030,8901,1,0,6422,,,,,,,,
4326,WGS_1984,GCS_WGS_1984,6326,World Geodetic System 1984,6326,9122,7030,8901,1,0,6422,,,,,,,,
4600,Anguilla 1957,GCS_Anguilla_1957,6600,Anguilla 1957,6600,9122,7012,8901,1,0,6422,,,,,,,,
4601,Antigua 1943,GCS_Antigua_1943,6601,Antigua 1943,6601,9122,7012,8901,1,0,6422,,,,,,,,
4602,Dominica 1945,GCS_Dominica_1945,6602,Dominica 1945,6602,9122,7012,8901,1,0,6422,9603,725,685,536,,,,
4603,Grenada 1953,GCS_Grenada_1953,6603,Grenada 1953,6603,9122,7012,8901,1,0,6422,9603,72,213.7,93,,,,
4604,Montserrat 1958,GCS_Montserrat_1958,6604,Montserrat 1958,6604,9122,7012,8901,1,0,6422,9603,174,359,365,,,,
4605,St. Kitts 1955,GCS_St._Kitts_1955,6605,St. Kitts 1955,6605,9122,7012,8901,1,0,6422,,,,,,,,
4606,St. Lucia 1955,GCS_St._Lucia_1955,6606,St. Lucia 1955,6606,9122,7012,8901,1,0,6422,9603,-149,128,296,,,,
4607,St. Vincent 1945,GCS_St._Vincent_1945,6607,St. Vincent 1945,6607,9122,7012,8901,1,0,6422,9603,195.671,332.517,274.607,,,,
4608,"NAD27(76)","GCS_NAD27(76)",6608,"North American Datum 1927 (1976)",6608,9122,7008,8901,1,0,6422,,,,,,,,
4609,"NAD27(CGQ77)","GCS_NAD27(CGQ77)",6609,"North American Datum 1927 (CGQ77)",6609,9122,7008,8901,1,0,6422,,,,,,,,
4611,Hong Kong 1980,GCS_Hong_Kong_1980,6611,Hong Kong 1980,6611,9122,7022,8901,1,0,6422,9606,-162.619,-276.959,-161.764,0.067753,-2.243649,-1.158827,-1.094246
4612,JGD2000,GCS_JGD_2000,6612,Japanese Geodetic Datum 2000,6612,9122,7019,8901,1,0,6422,9603,0,0,0,,,,
4613,Segara,GCS_Segara,6613,Gunung Segara,6613,9122,7004,8901,1,0,6422,,,,,,,,
4614,QND95,GCS_QND95,6614,Qatar National Datum 1995,6614,9122,7022,8901,1,0,6422,9606,-119.4248,-303.65872,-11.00061,1.164298,0.174458,1.096259,3.657065
4615,Porto Santo,GCS_Porto_Santo,6615,Porto Santo 1936,6615,9122,7022,8901,1,0,6422,9603,-499,-249,314,,,,
4616,Selvagem Grande,GCS_Selvagem_Grande,6616,Selvagem Grande,6616,9122,7022,8901,1,0,6422,,,,,,,,
4617,"NAD83(CSRS)","GCS_NAD83(CSRS)",6140,NAD83 Canadian Spatial Reference System,6140,9122,7019,8901,1,0,6422,,,,,,,,
4618,SAD69,GCS_SAD69,6618,South American Datum 1969,6618,9122,7050,8901,1,0,6422,,,,,,,,
4619,SWEREF99,GCS_SWEREF99,6619,SWEREF99,6619,9122,7019,8901,1,0,6422,9603,0,0,0,,,,
4620,Point 58,GCS_Point_58,6620,Point 58,6620,9122,7012,8901,1,0,6422,9603,-106,-129,165,,,,
4621,Fort Marigot,GCS_Fort_Marigot,6621,Fort Marigot,6621,9122,7022,8901,1,0,6422,9603,137,248,-430,,,,
4622,Guadeloupe 1948,GCS_Guadeloupe_1948,6622,Guadeloupe 1948,6622,9122,7022,8901,1,0,6422,,,,,,,,
4623,CSG67,GCS_CSG67,6623,Centre Spatial Guyanais 1967,6623,9122,7022,8901,1,0,6422,9603,-186,230,110,,,,
4624,RGFG95,GCS_RGFG95,6624,Reseau Geodesique Francais Guyane 1995,6624,9122,7019,8901,1,0,6422,9603,2,2,-2,,,,
4625,Martinique 1938,GCS_Martinique_1938,6625,Martinique 1938,6625,9122,7022,8901,1,0,6422,,,,,,,,
4626,Reunion 1947,GCS_Reunion_1947,6626,Reunion 1947,6626,9122,7022,8901,1,0,6422,,,,,,,,
4627,RGR92,GCS_RGR92,6627,Reseau Geodesique de la Reunion 1992,6627,9122,7019,8901,1,0,6422,9603,0,0,0,,,,
4628,Tahiti 52,GCS_Tahiti_52,6628,Tahiti 52,6628,9122,7022,8901,1,0,6422,9603,162,117,154,,,,
4629,Tahaa 54,GCS_Tahaa_54,6629,Tahaa 54,6629,9122,7022,8901,1,0,6422,,,,,,,,
4630,IGN72 Nuku Hiva,GCS_IGN72_Nuku_Hiva,6630,IGN72 Nuku Hiva,6630,9122,7022,8901,1,0,6422,,,,,,,,
4631,K0 1949,GCS_K0_1949,6631,K0 1949,6631,9122,7022,8901,1,1,6422,9603,145,-187,103,,,,
4632,Combani 1950,GCS_Combani_1950,6632,Combani 1950,6632,9122,7022,8901,1,0,6422,9603,-382,-59,-262,,,,
4633,IGN56 Lifou,GCS_IGN56_Lifou,6633,IGN56 Lifou,6633,9122,7022,8901,1,0,6422,,,,,,,,
4634,IGN72 Grand Terre,GCS_IGN72_Grand_Terre,6634,IGN72 Grande Terre,6634,9108,7022,8901,1,1,6402,,,,,,,,
4635,ST87 Ouvea,GCS_ST87_Ouvea,6635,ST87 Ouvea,6635,9122,7022,8901,1,1,6422,9606,-122.383,-188.696,103.344,3.5107,-4.9668,-5.7047,4.4798
4636,Petrels 1972,GCS_Petrels_1972,6636,Petrels 1972,6636,9122,7022,8901,1,0,6422,9603,365,194,166,,,,
4637,Perroud 1950,GCS_Perroud_1950,6637,Pointe Geologie Perroud 1950,6637,9122,7022,8901,1,0,6422,9603,325,154,172,,,,
4638,Saint Pierre et Miquelon 1950,GCS_Saint_Pierre_et_Miquelon_1950,6638,Saint Pierre et Miquelon 1950,6638,9122,7008,8901,1,0,6422,9603,30,430,368,,,,
4639,MOP78,GCS_MOP78,6639,MOP78,6639,9122,7022,8901,1,0,6422,,,,,,,,
4640,RRAF 1991,GCS_RRAF_1991,6640,Reseau de Reference des Antilles Francaises 1991,6640,9122,7030,8901,1,0,6422,9603,0,0,0,,,,
4641,IGN53 Mare,GCS_IGN53_Mare,6641,IGN53 Mare,6641,9122,7022,8901,1,0,6422,,,,,,,,
4642,ST84 Ile des Pins,GCS_ST84_Ile_des_Pins,6642,ST84 Ile des Pins,6642,9122,7022,8901,1,0,6422,,,,,,,,
4643,ST71 Belep,GCS_ST71_Belep,6643,ST71 Belep,6643,9122,7022,8901,1,0,6422,9606,-480.26,-438.32,-643.429,16.3119,20.1721,-4.0349,-111.7002
4644,NEA74 Noumea,GCS_NEA74_Noumea,6644,NEA74 Noumea,6644,9122,7022,8901,1,0,6422,,,,,,,,
4645,RGNC 1991,GCS_RGNC_1991,6645,Reseau Geodesique Nouvelle Caledonie 1991,6645,9122,7022,8901,1,1,6422,9603,0,0,0,,,,
4646,Grand Comoros,GCS_Grand_Comoros,6646,Grand Comoros,6646,9122,7022,8901,1,0,6422,,,,,,,,
4657,Reykjavik 1900,GCS_Reykjavik_1900,6657,Reykjavik 1900,6657,9122,7051,8901,1,0,6422,9603,-28,199,5,,,,
4658,Hjorsey 1955,GCS_Hjorsey_1955,6658,Hjorsey 1955,6658,9122,7022,8901,1,0,6422,9603,-73,46,-86,,,,
4659,ISN93,GCS_ISN93,6659,Islands Network 1993,6659,9122,7019,8901,1,0,6422,9603,0,0,0,,,,
4660,Helle 1954,GCS_Helle_1954,6660,Helle 1954,6660,9122,7022,8901,1,0,6422,9606,982.6087,552.753,-540.873,32.39344,-153.25684,-96.2266,16.805
4661,LKS92,GCS_LKS92,6661,Latvia 1992,6661,9122,7019,8901,1,0,6422,9603,0,0,0,,,,
4662,IGN72 Grande Terre,GCS_IGN72_Grande_Terre,6634,IGN72 Grande Terre,6634,9122,7022,8901,1,0,6422,,,,,,,,
4663,Porto Santo 1995,GCS_Porto_Santo_1995,6663,Porto Santo 1995,6663,9122,7022,8901,1,0,6422,,,,,,,,
4664,Azores Oriental 1995,GCS_Azores_Oriental_1995,6664,Azores Oriental Islands 1995,6664,9122,7022,8901,1,0,6422,,,,,,,,
4665,Azores Central 1995,GCS_Azores_Central_1995,6665,Azores Central Islands 1995,6665,9122,7022,8901,1,0,6422,,,,,,,,
4666,Lisbon 1890,GCS_Lisbon_1890,6666,Lisbon 1890,6666,9122,7004,8901,1,0,6422,,,,,,,,
4667,IKBD-92,GCS_IKBD-92,6667,Iraq-Kuwait Boundary Datum 1992,6667,9122,7030,8901,1,0,6422,9603,0,0,0,,,,
4668,ED79,GCS_ED79,6668,European Datum 1979,6668,9122,7022,8901,1,0,6422,9603,-86,-98,-119,,,,
4669,LKS94,GCS_LKS94,6126,"Lithuania 1994 (ETRS89)",6126,9122,7019,8901,1,0,6422,9603,0,0,0,,,,
4670,IGM95,GCS_IGM95,6670,Istituto Geografico Militaire 1995,6670,9122,7030,8901,1,0,6422,9603,0,0,0,,,,
4671,Voirol 1879,GCS_Voirol_1879,6671,Voirol 1879,6671,9122,7011,8901,1,0,6422,,,,,,,,
4672,Chatham Islands 1971,GCS_Chatham_Islands_1971,6672,Chatham Islands Datum 1971,6672,9122,7022,8901,1,0,6422,9603,175,-38,113,,,,
4673,Chatham Islands 1979,GCS_Chatham_Islands_1979,6673,Chatham Islands Datum 1979,6673,9122,7022,8901,1,0,6422,9607,174.05,-25.49,112.57,0,0,-0.554,0.2263
4674,SIRGAS 2000,GCS_SIRGAS_2000,6674,Sistema de Referencia Geocentrico para America del Sur 2000,6674,9122,7019,8901,1,0,6422,9603,0,0,0,,,,
4675,Guam 1963,GCS_Guam_1963,6675,Guam 1963,6675,9122,7008,8901,1,0,6422,9603,-100,-248,259,,,,
4676,Vientiane 1982,GCS_Vientiane_1982,6676,Vientiane 1982,6676,9122,7024,8901,1,0,6422,,,,,,,,
4677,Lao 1993,GCS_Lao_1993,6677,Lao 1993,6677,9122,7024,8901,1,0,6422,,,,,,,,
4678,Lao 1997,GCS_Lao_1997,6678,Lao National Datum 1997,6678,9122,7024,8901,1,0,6422,9603,44.585,-131.212,-39.544,,,,
4679,Jouik 1961,GCS_Jouik_1961,6679,Jouik 1961,6679,9122,7012,8901,1,0,6422,9603,-80.01,253.26,291.19,,,,
4680,Nouakchott 1965,GCS_Nouakchott_1965,6680,Nouakchott 1965,6680,9122,7012,8901,1,0,6422,9603,124.5,-63.5,-281,,,,
4681,Mauritania 1999,GCS_Mauritania_1999,6681,Mauritania 1999,6681,9122,7012,8901,1,1,6422,,,,,,,,
4682,Gulshan 303,GCS_Gulshan_303,6682,Gulshan 303,6682,9122,7015,8901,1,0,6422,,,,,,,,
4683,PRS92,GCS_PRS92,6683,Philippine Reference System 1992,6683,9122,7008,8901,1,0,6422,9607,-127.62,-67.24,-47.04,3.068,-4.903,-1.578,-1.06
4684,Gan 1970,GCS_Gan_1970,6684,Gan 1970,6684,9122,7022,8901,1,0,6422,9603,-133,-321,50,,,,
4685,Gandajika,GCS_Gandajika,6685,Gandajika,6685,9122,7022,8901,1,1,6422,,,,,,,,
4686,MAGNA-SIRGAS,GCS_MAGNA-SIRGAS,6686,Marco Geocentrico Nacional de Referencia,6686,9122,7019,8901,1,0,6422,9603,0,0,0,,,,
4687,RGPF,GCS_RGPF,6687,Reseau Geodesique de la Polynesie Francaise,6687,9122,7019,8901,1,0,6422,,,,,,,,
4688,Fatu Iva 72,GCS_Fatu_Iva_72,6688,Fatu Iva 72,6688,9122,7022,8901,1,0,6422,9607,347.103,1078.125,2623.922,33.8875,-70.6773,9.3943,186.074
4689,IGN63 Hiva Oa,GCS_IGN63_Hiva_Oa,6689,IGN63 Hiva Oa,6689,9122,7022,8901,1,0,6422,,,,,,,,
4690,Tahiti 79,GCS_Tahiti_79,6690,Tahiti 79,6690,9122,7022,8901,1,0,6422,,,,,,,,
4691,Moorea 87,GCS_Moorea_87,6691,Moorea 87,6691,9122,7022,8901,1,0,6422,9607,215.525,149.593,176.229,3.2624,1.692,1.1571,10.4773
4692,Maupiti 83,GCS_Maupiti_83,6692,Maupiti 83,6692,9122,7022,8901,1,0,6422,9603,217.037,86.959,23.956,,,,
4693,Nakhl-e Ghanem,GCS_Nakhl-e_Ghanem,6693,Nakhl-e Ghanem,6693,9122,7030,8901,1,0,6422,9603,0,-0.15,0.68,,,,
4694,POSGAR 94,GCS_POSGAR_94,6694,Posiciones Geodesicas Argentinas 1994,6694,9122,7030,8901,1,0,6422,9603,0,0,0,,,,
4695,Katanga 1955,GCS_Katanga_1955,6695,Katanga 1955,6695,9122,7008,8901,1,0,6422,,,,,,,,
4696,Kasai 1953,GCS_Kasai_1953,6696,Kasai 1953,6696,9122,7012,8901,1,0,6422,,,,,,,,
4697,IGC 1962 6th Parallel South,GCS_IGC_1962_6th_Parallel_South,6697,IGC 1962 Arc of the 6th Parallel South,6697,9122,7012,8901,1,0,6422,,,,,,,,
4698,IGN 1962 Kerguelen,GCS_IGN_1962_Kerguelen,6698,IGN 1962 Kerguelen,6698,9122,7022,8901,1,0,6422,9603,145,-187,103,,,,
4699,Le Pouce 1934,GCS_Le_Pouce_1934,6699,Le Pouce 1934,6699,9122,7012,8901,1,0,6422,9603,-770.1,158.4,-498.2,,,,
4700,IGN Astro 1960,GCS_IGN_Astro_1960,6700,IGN Astro 1960,6700,9122,7012,8901,1,0,6422,,,,,,,,
4701,IGCB 1955,GCS_IGCB_1955,6701,Institut Geographique du Congo Belge 1955,6701,9122,7012,8901,1,0,6422,9603,-79.9,-158,-168.9,,,,
4702,Mauritania 1999,GCS_Mauritania_1999,6702,Mauritania 1999,6702,9122,7019,8901,1,0,6422,9603,0,0,0,,,,
4703,Mhast 1951,GCS_Mhast_1951,6703,Missao Hidrografico Angola y Sao Tome 1951,6703,9122,7012,8901,1,0,6422,,,,,,,,
4704,"Mhast (onshore)","GCS_Mhast_(onshore)",6704,"Mhast (onshore)",6704,9122,7022,8901,1,0,6422,,,,,,,,
4705,"Mhast (offshore)","GCS_Mhast_(offshore)",6705,"Mhast (offshore)",6705,9122,7022,8901,1,0,6422,,,,,,,,
4706,Egypt Gulf of Suez S-650 TL,GCS_Egypt_Gulf_of_Suez_S-650_TL,6706,Egypt Gulf of Suez S-650 TL,6706,9122,7020,8901,1,0,6422,9603,-146.21,112.63,4.05,,,,
4707,Tern Island 1961,GCS_Tern_Island_1961,6707,Tern Island 1961,6707,9122,7022,8901,1,0,6422,9603,114,-116,-333,,,,
4708,Cocos Islands 1965,GCS_Cocos_Islands_1965,6708,Cocos Islands 1965,6708,9122,7003,8901,1,0,6422,9603,-491,-22,435,,,,
4709,Iwo Jima 1945,GCS_Iwo_Jima_1945,6709,Iwo Jima 1945,6709,9122,7022,8901,1,0,6422,9603,145,75,-272,,,,
4710,St. Helena 1971,GCS_St._Helena_1971,6710,St. Helena 1971,6710,9122,7022,8901,1,0,6422,9603,-320,550,-494,,,,
4711,Marcus Island 1952,GCS_Marcus_Island_1952,6711,Marcus Island 1952,6711,9122,7022,8901,1,0,6422,9603,124,-234,-25,,,,
4712,Ascension Island 1958,GCS_Ascension_Island_1958,6712,Ascension Island 1958,6712,9122,7022,8901,1,0,6422,9603,-205,107,53,,,,
4713,Ayabelle Lighthouse,GCS_Ayabelle_Lighthouse,6713,Ayabelle Lighthouse,6713,9122,7012,8901,1,0,6422,9603,-79,-129,145,,,,
4714,Bellevue,GCS_Bellevue,6714,Bellevue,6714,9122,7022,8901,1,0,6422,9603,-127,-769,472,,,,
4715,Camp Area Astro,GCS_Camp_Area_Astro,6715,Camp Area Astro,6715,9122,7022,8901,1,0,6422,9603,-104,-129,239,,,,
4716,Phoenix Islands 1966,GCS_Phoenix_Islands_1966,6716,Phoenix Islands 1966,6716,9122,7022,8901,1,0,6422,9603,298,-304,-375,,,,
4717,Cape Canaveral,GCS_Cape_Canaveral,6717,Cape Canaveral,6717,9122,7008,8901,1,0,6422,9603,-2,151,181,,,,
4718,Solomon 1968,GCS_Solomon_1968,6718,Solomon 1968,6718,9122,7022,8901,1,0,6422,,,,,,,,
4719,Easter Island 1967,GCS_Easter_Island_1967,6719,Easter Island 1967,6719,9122,7022,8901,1,0,6422,9603,211,147,111,,,,
4720,Fiji 1986,GCS_Fiji_1986,6720,Fiji Geodetic Datum 1986,6720,9122,7043,8901,1,0,6422,,,,,,,,
4721,Fiji 1956,GCS_Fiji_1956,6721,Fiji 1956,6721,9122,7022,8901,1,0,6422,9603,265.025,384.929,-194.046,,,,
4722,South Georgia 1968,GCS_South_Georgia_1968,6722,South Georgia 1968,6722,9122,7022,8901,1,0,6422,9603,-794,119,-298,,,,
4723,Grand Cayman 1959,GCS_Grand_Cayman_1959,6723,Grand Cayman 1959,6723,9122,7008,8901,1,0,6422,9603,67.8,106.1,138.8,,,,
4724,Diego Garcia 1969,GCS_Diego_Garcia_1969,6724,Diego Garcia 1969,6724,9122,7022,8901,1,0,6422,9603,208,-435,-229,,,,
4725,Johnston Island 1961,GCS_Johnston_Island_1961,6725,Johnston Island 1961,6725,9122,7022,8901,1,0,6422,9603,189,-79,-202,,,,
4726,Little Cayman 1961,GCS_Little_Cayman_1961,6726,Little Cayman 1961,6726,9122,7008,8901,1,0,6422,,,,,,,,
4727,Midway 1961,GCS_Midway_1961,6727,Midway 1961,6727,9122,7022,8901,1,0,6422,,,,,,,,
4728,Pico de la Nieves,GCS_Pico_de_la_Nieves,6728,Pico de la Nieves,6728,9122,7022,8901,1,0,6422,9603,-307,-92,127,,,,
4729,Pitcairn 1967,GCS_Pitcairn_1967,6729,Pitcairn 1967,6729,9122,7022,8901,1,0,6422,9603,185,165,42,,,,
4730,Santo 1965,GCS_Santo_1965,6730,Santo 1965,6730,9122,7022,8901,1,0,6422,9603,170,42,84,,,,
4731,Viti Levu 1916,GCS_Viti_Levu_1916,6731,Viti Levu 1916,6731,9122,7012,8901,1,1,6422,9603,51,391,-36,,,,
4732,Marshall Islands 1960,GCS_Marshall_Islands_1960,6732,Marshall Islands 1960,6732,9122,7053,8901,1,0,6422,9603,102,52,-38,,,,
4733,Wake Island 1952,GCS_Wake_Island_1952,6733,Wake Island 1952,6733,9122,7022,8901,1,0,6422,9603,276,-57,149,,,,
4734,Tristan 1968,GCS_Tristan_1968,6734,Tristan 1968,6734,9122,7022,8901,1,0,6422,9603,-632,438,-609,,,,
4735,Kusaie 1951,GCS_Kusaie_1951,6735,Kusaie 1951,6735,9122,7022,8901,1,0,6422,9603,647,1777,-1124,,,,
4736,Deception Island,GCS_Deception_Island,6736,Deception Island,6736,9122,7012,8901,1,0,6422,9603,260,12,-147,,,,
4737,Korea 2000,GCS_Korea_2000,6737,Geocentric datum of Korea,6737,9122,7019,8901,1,0,6422,9603,0,0,0,,,,
4738,Hong Kong 1963,GCS_Hong_Kong_1963,6738,Hong Kong 1963,6738,9122,7007,8901,1,0,6422,,,,,,,,
4739,"Hong Kong 1963(67)","GCS_Hong_Kong_1963(67)",6739,"Hong Kong 1963(67)",6739,9122,7022,8901,1,0,6422,9603,-156,-271,-189,,,,
4740,PZ-90,GCS_PZ-90,6740,Parametrop Zemp 1990,6740,9122,7054,8901,1,0,6422,9607,0,0,1.5,0,0,-0.076,0
4741,FD54,GCS_FD54,6741,Faroe Datum 1954,6741,9122,7022,8901,1,0,6422,,,,,,,,
4742,GDM2000,GCS_GDM2000,6742,Geodetic Datum of Malaysia 2000,6742,9122,7019,8901,1,0,6422,,,,,,,,
4743,"Karbala 1979 (Polservice)","GCS_Karbala_1979_(Polservice)",6743,"Karbala 1979 (Polservice)",6743,9122,7012,8901,1,0,6422,9603,84.1,-320.1,218.7,,,,
4744,Nahrwan 1934,GCS_Nahrwan_1934,6744,Nahrwan 1934,6744,9122,7012,8901,1,0,6422,,,,,,,,
4745,"RD/83","GCS_RD_83",6745,"Rauenberg Datum/83",6745,9122,7004,8901,1,0,6422,,,,,,,,
4746,"PD/83","GCS_PD_83",6746,"Potsdam Datum/83",6746,9122,7004,8901,1,0,6422,,,,,,,,
4747,GR96,GCS_GR96,6747,Greenland 1996,6747,9122,7019,8901,1,0,6422,9603,0,0,0,,,,
4748,Vanua Levu 1915,GCS_Vanua_Levu_1915,6748,Vanua Levu 1915,6748,9122,7055,8901,1,0,6422,9603,51,391,-36,,,,
4749,RGNC91-93,GCS_RGNC91-93,6749,Reseau Geodesique de Nouvelle Caledonie 91-93,6749,9122,7019,8901,1,0,6422,9603,0,0,0,,,,
4750,ST87 Ouvea,GCS_ST87_Ouvea,6750,ST87 Ouvea,6750,9122,7030,8901,1,0,6422,9603,-56.263,16.136,-22.856,,,,
4751,"Kertau (RSO)","GCS_Kertau_(RSO)",6751,"Kertau (RSO)",6751,9122,7056,8901,1,0,6422,,,,,,,,
4752,Viti Levu 1912,GCS_Viti_Levu_1912,6752,Viti Levu 1912,6752,9122,7055,8901,1,0,6422,9603,51,391,-36,,,,
4753,fk89,GCS_fk89,6753,fk89,6753,9122,7022,8901,1,0,6422,,,,,,,,
4754,LGD2006,GCS_LGD2006,6754,Libyan Geodetic Datum 2006,6754,9122,7022,8901,1,0,6422,9603,-208.4058,-109.8777,-2.5764,,,,
4755,DGN95,GCS_DGN95,6755,Datum Geodesi Nasional 1995,6755,9122,7030,8901,1,0,6422,9603,0,0,0,,,,
4756,VN-2000,GCS_VN-2000,6756,Vietnam 2000,6756,9122,7030,8901,1,0,6422,,,,,,,,
4757,SVY21,GCS_SVY21,6757,SVY21,6757,9122,7030,8901,1,0,6422,,,,,,,,
4758,JAD2001,GCS_JAD2001,6758,Jamaica 2001,6758,9122,7030,8901,1,0,6422,9603,0,0,0,,,,
4759,"NAD83(NSRS2007)","GCS_NAD83(NSRS2007)",6759,"NAD83 (National Spatial Reference System 2007)",6759,9122,7019,8901,1,0,6422,9603,0,0,0,,,,
4760,WGS 66,GCS_WGS_66,6760,World Geodetic System 1966,6760,9122,7025,8901,1,0,6422,,,,,,,,
4761,HTRS96,GCS_HTRS96,6761,Croatian Terrestrial Reference System,6761,9122,7019,8901,1,0,6422,9603,0,0,0,,,,
4762,BDA2000,GCS_BDA2000,6762,Bermuda 2000,6762,9122,7030,8901,1,0,6422,9603,0,0,0,,,,
4763,Pitcairn 2006,GCS_Pitcairn_2006,6763,Pitcairn 2006,6763,9122,7030,8901,1,0,6422,9603,0,0,0,,,,
4764,RSRGD2000,GCS_RSRGD2000,6764,Ross Sea Region Geodetic Datum 2000,6764,9122,7019,8901,1,0,6422,9603,0,0,0,,,,
4765,Slovenia 1996,GCS_Slovenia_1996,6765,Slovenia Geodetic Datum 1996,6765,9122,7019,8901,1,0,6422,9603,0,0,0,,,,
4801,"Bern 1898 (Bern)","GCS_Bern_1898_(Bern)",6801,"CH1903 (Bern)",6149,9122,7004,8907,1,0,6422,,,,,,,,
4802,"Bogota 1975 (Bogota)","GCS_Bogota_1975_(Bogota)",6802,"Bogota 1975 (Bogota)",6218,9122,7022,8904,1,0,6422,,,,,,,,
4803,"Lisbon (Lisbon)","GCS_Lisbon_(Lisbon)",6803,"Lisbon 1937 (Lisbon)",6207,9122,7022,8902,1,0,6422,,,,,,,,
4804,"Makassar (Jakarta)","GCS_Makassar_(Jakarta)",6804,"Makassar (Jakarta)",6257,9122,7004,8908,1,0,6422,9603,-587.8,519.75,145.76,,,,
4805,"MGI (Ferro)","GCS_MGI_(Ferro)",6805,"Militar-Geographische Institut (Ferro)",6312,9122,7004,8909,1,0,6422,,,,,,,,
4806,"Monte Mario (Rome)","GCS_Monte_Mario_(Rome)",6806,"Monte Mario (Rome)",6265,9122,7022,8906,1,0,6422,,,,,,,,
4807,"NTF (Paris)","GCS_NTF_(Paris)",6807,"Nouvelle Triangulation Francaise (Paris)",6275,9105,7011,8903,1,0,6403,9603,-168,-60,320,,,,
4808,"Padang (Jakarta)","GCS_Padang_(Jakarta)",6808,"Padang 1884 (Jakarta)",6280,9122,7004,8908,1,0,6422,,,,,,,,
4809,"Belge 1950 (Brussels)","GCS_Belge_1950_(Brussels)",6809,"Reseau National Belge 1950 (Brussels)",6215,9122,7022,8910,1,0,6422,,,,,,,,
4810,"Tananarive (Paris)","GCS_Tananarive_(Paris)",6810,"Tananarive 1925 (Paris)",6297,9105,7022,8903,1,0,6403,9603,-189,-242,-91,,,,
4811,"Voirol 1875 (Paris)","GCS_Voirol_1875_(Paris)",6811,"Voirol 1875 (Paris)",6304,9105,7011,8903,1,0,6403,9603,-73,-247,227,,,,
4813,"Batavia (Jakarta)","GCS_Batavia_(Jakarta)",6813,"Batavia (Jakarta)",6211,9122,7004,8908,1,0,6422,,,,,,,,
4814,"RT38 (Stockholm)","GCS_RT38_(Stockholm)",6814,"Stockholm 1938 (Stockholm)",6308,9122,7004,8911,1,0,6422,,,,,,,,
4815,"Greek (Athens)","GCS_Greek_(Athens)",6815,"Greek (Athens)",6120,9122,7004,8912,1,0,6422,,,,,,,,
4816,"Carthage (Paris)","GCS_Carthage_(Paris)",6816,"Carthage (Paris)",6223,9105,7011,8903,1,0,6403,,,,,,,,
4817,"NGO 1948 (Oslo)","GCS_NGO_1948_(Oslo)",6817,"NGO 1948 (Oslo)",6273,9122,7005,8913,1,0,6422,9606,278.3,93,474.5,7.889,0.05,-6.61,6.21
4818,"S-JTSK (Ferro)","GCS_S-JTSK_(Ferro)",6818,"S-JTSK (Ferro)",6156,9122,7004,8909,1,0,6422,,,,,,,,
4819,"Nord Sahara 1959 (Paris)","GCS_Nord_Sahara_1959_(Paris)",6819,"Nord Sahara 1959 (Paris)",6307,9105,7012,8903,1,1,6403,,,,,,,,
4820,"Segara (Jakarta)","GCS_Segara_(Jakarta)",6820,"Gunung Segara (Jakarta)",6613,9122,7004,8908,1,0,6422,,,,,,,,
4821,"Voirol 1879 (Paris)","GCS_Voirol_1879_(Paris)",6821,"Voirol 1879 (Paris)",6821,9105,7011,8903,1,0,6403,,,,,,,,
4901,"ATF (Paris)","GCS_ATF_(Paris)",6901,"Ancienne Triangulation Francaise (Paris)",6901,9105,7027,8914,1,0,6403,,,,,,,,
4902,"NDG (Paris)","GCS_NDG_(Paris)",6902,"Nord de Guerre (Paris)",6902,9105,7027,8903,1,1,6403,,,,,,,,
4903,"Madrid 1870 (Madrid)","GCS_Madrid_1870_(Madrid)",6903,"Madrid 1870 (Madrid)",6903,9122,7028,8905,1,0,6422,,,,,,,,
4904,"Lisbon 1890 (Lisbon)","GCS_Lisbon_1890_(Lisbon)",6904,"Lisbon 1890 (Lisbon)",6666,9122,7004,8902,1,0,6422,,,,,,,,
37001,WGS 66,GCS_WGS_66,6760,World Geodetic System 1966,6760,9122,7025,8901,1,0,6422,,,,,,,,
37312,GCS_Xian_1980,D_Xian_1980,39312,Xian 1980,40023,9122,7049,8901,1,0,6422,,,,,,,,
